prospect,prospect_url,category,target_page,anchor_text,status,submission_date,live_backlink_url,follow_up_date,notes
GitHub Topics,https://github.com/topics/invoice-generator,first-party discovery,https://github.com/megabyte0x/invoicegen,open-source invoice generator for macOS,live,2026-06-05,https://github.com/megabyte0x/invoicegen,2026-06-12,"Topics updated: invoice-generator, invoice-pdf, invoice-cli, invoice-app, invoicing-software."
First-party /cli page,https://invoicegen.megabyte.sh/cli,linkable asset,https://invoicegen.megabyte.sh/cli,Rust invoice CLI,live,2026-06-05,https://invoicegen.megabyte.sh/cli,2026-06-12,"Use for Rust newsletters, CLI directories, and GitHub topic outreach. Live production URL verified 2026-06-05."
First-party /privacy page,https://invoicegen.megabyte.sh/privacy,linkable asset,https://invoicegen.megabyte.sh/privacy,privacy-first invoice app,live,2026-06-05,https://invoicegen.megabyte.sh/privacy,2026-06-12,Use for privacy-first software directories and local/offline invoice pitches. Live production URL verified 2026-06-05.
First-party local-first guide,https://invoicegen.megabyte.sh/docs/local-first-invoicing,linkable asset,https://invoicegen.megabyte.sh/docs/local-first-invoicing,local-first invoice generator macOS,live,2026-06-05,https://invoicegen.megabyte.sh/docs/local-first-invoicing,2026-06-12,Use for local-first and indie-maker editorial outreach. Live production URL verified 2026-06-05.
First-party backup guide,https://invoicegen.megabyte.sh/docs/backup-restore,linkable asset,https://invoicegen.megabyte.sh/docs/backup-restore,back up invoice data on Mac,live,2026-06-05,https://invoicegen.megabyte.sh/docs/backup-restore,2026-06-12,Use for Mac productivity and freelancer workflow backlinks. Live production URL verified 2026-06-05.
First-party changelog,https://invoicegen.megabyte.sh/changelog,linkable asset,https://invoicegen.megabyte.sh/changelog,InvoiceGen release notes,live,2026-06-05,https://invoicegen.megabyte.sh/changelog,2026-06-12,Use for software directories and launch writeups. Live production URL verified 2026-06-05.
First-party Manta alternative page,https://invoicegen.megabyte.sh/alternatives/manta,linkable asset,https://invoicegen.megabyte.sh/alternatives/manta,Manta alternative for local-first macOS invoicing,live,2026-06-05,https://invoicegen.megabyte.sh/alternatives/manta,2026-06-12,Live production URL verified 2026-06-05 on deployment dpl_A6Kb8Gkb8X6Qz2BVGjUM659v6CC5; use for AlternativeTo and Manta-alternative directory/editorial submissions.
First-party open-source invoice generator page,https://invoicegen.megabyte.sh/open-source-invoice-generator,linkable asset,https://invoicegen.megabyte.sh/open-source-invoice-generator,open-source invoice generator for macOS,live,2026-06-05,https://invoicegen.megabyte.sh/open-source-invoice-generator,2026-06-12,"Live production URL verified 2026-06-05 on deployment dpl_A6Kb8Gkb8X6Qz2BVGjUM659v6CC5; use for OpenAltFinder, OSSAlternatives, OSSSoftware, PickYourTech, and open-source invoice generator searches."
Product Hunt,https://www.producthunt.com/launch,launch directory,https://invoicegen.megabyte.sh/,local-first macOS invoicing,draft,,,2026-06-12,"Prepare demo video/GIF, screenshots, maker comment, and launch assets first. Use https://invoicegen.megabyte.sh/launch-kit as the asset/source-of-truth page for screenshots, logo, and copy before submission."
AlternativeTo,https://alternativeto.net/software/manta/,software directory,https://invoicegen.megabyte.sh/alternatives/manta,Manta alternative for local-first macOS invoicing,draft,,,2026-06-12,"Add as alternative to Manta, Invoice Ninja, Quick Invoice Maker, and desktop invoice tools; focused comparison URL is now available locally. For Invoice Ninja-specific alternative submissions or comparison pages, use https://invoicegen.megabyte.sh/alternatives/invoice-ninja."
FOSSHUNTER,https://fosshunter.com/submit,open-source directory,https://github.com/megabyte0x/invoicegen,Rust invoice CLI,draft,,,2026-06-12,Submit as Accounting plus Developer Tools.
Repoz,https://www.repoz.io/,open-source directory,https://github.com/megabyte0x/invoicegen,InvoiceGen for macOS,draft,,,2026-06-12,Submit Project route is visible.
WarmIndex,https://warmindex.com/,side-project directory,https://invoicegen.megabyte.sh/,privacy-first invoice app,draft,,,2026-06-12,Submit as active side project/open-source app.
FossFinder,https://fossfinder.com/,open-source directory,https://github.com/megabyte0x/invoicegen,open-source invoice generator,draft,,,2026-06-12,Submit as open-source tool if accepted.
OSSAlternatives,https://ossalternatives.to/submit,open-source alternatives,https://invoicegen.megabyte.sh/open-source-invoice-generator,open-source alternative to cloud invoice generators,draft,,,2026-06-12,"Position as alternative to hosted/browser invoice generators; use focused open-source page plus GitHub repo in form if available. For Invoice Ninja-specific alternative submissions or comparison pages, use https://invoicegen.megabyte.sh/alternatives/invoice-ninja."
BetaList,https://betalist.com/terms/submissions,startup directory,https://invoicegen.megabyte.sh/,local-first invoice generator,draft,,,2026-06-19,Optional; requires working own-domain website and curatorial acceptance.
Reddit r/macapps,https://www.reddit.com/r/macapps/,community,https://invoicegen.megabyte.sh/,native macOS invoice app,draft,,,2026-06-12,"Feedback-oriented post with screenshots; avoid sales language. For offline/no-cloud framing, point commenters to https://invoicegen.megabyte.sh/offline-invoice-generator-mac when relevant."
Reddit r/SideProject,https://www.reddit.com/r/SideProject/,community,https://invoicegen.megabyte.sh/,free local-first invoice app,draft,,,2026-06-12,"Share build story and ask for feedback. For offline/no-cloud framing, point commenters to https://invoicegen.megabyte.sh/offline-invoice-generator-mac when relevant."
Reddit r/opensource,https://www.reddit.com/r/opensource/,community,https://github.com/megabyte0x/invoicegen,open-source macOS invoice app,draft,,,2026-06-12,Contributor-oriented post.
Reddit r/rust,https://www.reddit.com/r/rust/,community,https://github.com/megabyte0x/invoicegen,Rust invoice CLI,draft,,,2026-06-19,Only post when CLI implementation details are the center.
Hacker News Show HN,https://news.ycombinator.com/show,technical community,https://github.com/megabyte0x/invoicegen,local-first macOS invoicing,draft,,,2026-06-19,Needs concise demo and stronger CLI/readme story first.
Apple App Store,https://developer.apple.com/app-store/submitting/,platform listing,TBD,InvoiceGen for macOS,future,,,2026-07-05,Future backlink/discovery asset when app-store-ready.
RepoRanker,https://reporanker.com/,open-source repo review,https://github.com/megabyte0x/invoicegen,open-source macOS invoice app,draft-ready,,,2026-06-12,"Fastest likely live third-party repo page; GitHub sign-in only; submit repo and tagline, then invite real peer reviews."
SaaSHub,https://www.saashub.com/submit,software marketplace,https://invoicegen.megabyte.sh/,privacy-first invoice app,draft-ready,,,2026-06-12,"Submit and verify product on SaaSHub, then use management Submit tab for directory distribution."
Peerlist Launchpad,https://peerlist.io/launchpad,launch platform,https://invoicegen.megabyte.sh/launch-kit,local-first macOS invoice generator,assets-needed,,,2026-06-12,"Requires verified Peerlist profile and a 100% complete project before launch; Monday launch window. Use https://invoicegen.megabyte.sh/launch-kit as the asset/source-of-truth page for screenshots, logo, and copy before submission."
Uneed,https://help.uneed.best/getting-started,launch platform,https://invoicegen.megabyte.sh/launch-kit,free local-first invoice app,assets-needed,,,2026-06-12,"Product Hunt alternative for indie hackers; prepare product images and launch copy first. Use https://invoicegen.megabyte.sh/launch-kit as the asset/source-of-truth page for screenshots, logo, and copy before submission."
OpenAltFinder,https://openaltfinder.com/submit,open-source alternatives,https://invoicegen.megabyte.sh/open-source-invoice-generator,open-source alternative to cloud invoice generators,draft-ready,,,2026-06-12,"Submit form asks for name, email, project URL, repository URL, and alternative-to field; use focused open-source invoice generator URL. For Invoice Ninja-specific alternative submissions or comparison pages, use https://invoicegen.megabyte.sh/alternatives/invoice-ninja."
OSSSoftware,https://osssoftware.org/,open-source alternatives,https://invoicegen.megabyte.sh/open-source-invoice-generator,open-source invoice generator,research-contact,,,2026-06-19,Site says projects can be submitted for review or contributed to the database; use focused open-source invoice generator page plus hosted homepage. Mention the Invoice Ninja alternative page when the directory asks for comparisons against established invoicing platforms.
TinyLaunch,https://www.tinylaunch.com/,launch platform,https://invoicegen.megabyte.sh/launch-kit,native macOS invoice app,assets-needed,,,2026-06-19,"Free launch can earn backlink if top 3; premium has guaranteed backlink, but only consider after demo assets are ready. Use https://invoicegen.megabyte.sh/launch-kit as the asset/source-of-truth page for screenshots, logo, and copy before submission."
CLI Directory,https://www.cli.directory/,CLI directory,https://invoicegen.megabyte.sh/cli,Rust invoice CLI,draft-ready,,,2026-06-12,Relevant for scriptable invoice workflows and agent-safe CLI tasks; submit tool or contact maintainer.
inrust,https://inrust.dev/,Rust CLI catalog,https://invoicegen.megabyte.sh/cli,Rust invoice CLI,outreach-draft,,,2026-06-19,Rust CLI catalog; find maintainer/contact or contribution path. Pitch as Rust original for invoicing workflows.
RustUtils,https://rustutils.com/,Rust CLI catalog,https://invoicegen.megabyte.sh/cli,Rust invoice CLI,outreach-draft,,,2026-06-19,Catalog pages link repository and crates/package source; pitch InvoiceGen CLI once package metadata is stable.
PickYourTech,https://www.pickyourtech.com/,open-source/SaaS directory,https://invoicegen.megabyte.sh/open-source-invoice-generator,open-source invoice generator for macOS,research-contact,,,2026-06-19,"Curated open-source and SaaS directory; no submit route found yet, so treat as secondary/contact research with focused open-source page. For Invoice Ninja-specific alternative submissions or comparison pages, use https://invoicegen.megabyte.sh/alternatives/invoice-ninja."
First-party offline invoice generator page,https://invoicegen.megabyte.sh/offline-invoice-generator-mac,linkable asset,https://invoicegen.megabyte.sh/offline-invoice-generator-mac,offline invoice generator for Mac,live,2026-06-05,https://invoicegen.megabyte.sh/offline-invoice-generator-mac,2026-06-12,"Use for offline/no-cloud Mac invoice searches, Mac productivity blogs, and roundups. Live production URL verified 2026-06-05 on deployment dpl_2RYiuQZ1xcz53sc2wnRxEDd1XMco: 1 H1, 3,640 raw text chars, canonical set, no placeholders."
First-party launch kit page,https://invoicegen.megabyte.sh/launch-kit,linkable asset,https://invoicegen.megabyte.sh/launch-kit,InvoiceGen launch kit,live,2026-06-05,https://invoicegen.megabyte.sh/launch-kit,2026-06-12,"Use as the asset hub for Product Hunt, Peerlist, Uneed, TinyLaunch, SaaSHub, and directory editors. Live production URL verified 2026-06-05 on deployment dpl_2RYiuQZ1xcz53sc2wnRxEDd1XMco: 1 H1, 3,568 raw text chars, canonical set, no placeholders."
Offline Mac software roundups,TBD editor/contact list,editorial outreach,https://invoicegen.megabyte.sh/offline-invoice-generator-mac,offline invoice generator for Mac,research-contact,,,2026-06-19,"Research Mac productivity, no-cloud, privacy-first, and freelancer app roundups; pitch the focused offline Mac landing page after live verification."
npm package page,https://www.npmjs.com/package/@megabyte0x/invoicegen,package registry,https://github.com/megabyte0x/invoicegen#readme,@megabyte0x/invoicegen,live,2026-06-05,https://www.npmjs.com/package/@megabyte0x/invoicegen,2026-06-12,Authoritative npm view confirms package v0.1.6 is live with repository metadata and current homepage pointing to GitHub README. Local package metadata now points homepage to https://invoicegen.megabyte.sh/cli for the next npm publish.
GitHub release v0.1.6,https://github.com/megabyte0x/invoicegen/releases/tag/v0.1.6,release/download page,https://github.com/megabyte0x/invoicegen/releases/tag/v0.1.6,InvoiceGen macOS download,live,2026-06-05,https://github.com/megabyte0x/invoicegen/releases/tag/v0.1.6,2026-06-12,"Live GitHub release/download surface for MacUpdate, SourceForge, Softpedia, and directory forms that require a stable downloadable app URL."
SourceForge project,https://sourceforge.net/directory/,software download/open-source directory,https://invoicegen.megabyte.sh/open-source-invoice-generator,open-source invoice generator for macOS,draft-ready,,,2026-06-12,"High-authority open-source software directory with Mac and Business categories; create project/listing with GitHub repo, homepage, and v0.1.6 DMG download if account access is available. Mention the Invoice Ninja alternative page when the directory asks for comparisons against established invoicing platforms."
MacUpdate,https://www.macupdate.com/help,Mac app directory,https://invoicegen.megabyte.sh/offline-invoice-generator-mac,offline invoice generator for Mac,draft-ready,,,2026-06-12,MacUpdate has an Add App/submission path and reviews Mac software for accuracy/completeness. Use offline Mac page plus GitHub release DMG; account required.
Open Hub,https://openhub.net/,open-source project analytics directory,https://github.com/megabyte0x/invoicegen,open-source macOS invoice app,draft-ready,,,2026-06-12,Open Hub project settings expose project URL and description; login required. Use GitHub repository URL for SCM analytics and open-source authority.
Just OpenSource,https://justopensource.xyz/,open-source contributor directory,https://invoicegen.megabyte.sh/open-source-invoice-generator,open-source invoice generator for macOS,draft-ready,,,2026-06-12,Has Finance & Business plus Developer/Productivity categories and Submit Tool flow; position InvoiceGen as open-source local-first invoicing seeking contributors. Mention the Invoice Ninja alternative page when the directory asks for comparisons against established invoicing platforms.
OpenAlternative,https://openalternative.co/submit,open-source alternatives,https://invoicegen.megabyte.sh/open-source-invoice-generator,open-source alternative to cloud invoice generators,draft-ready,,,2026-06-12,"OpenAlternative has a Submit route behind login and tracks open-source alternatives with stars/forks/last commit. Use hosted/cloud invoice generators as alternatives-to. For Invoice Ninja-specific alternative submissions or comparison pages, use https://invoicegen.megabyte.sh/alternatives/invoice-ninja."
OSSAlt,https://ossalt.com/,open-source alternatives,https://invoicegen.megabyte.sh/open-source-invoice-generator,open-source alternative to paid invoicing software,draft-ready,,,2026-06-12,"OSSAlt has Submit Alternative navigation and GitHub-star-tracked listings. Pitch as FOSS alternative to FreshBooks, QuickBooks invoicing, Invoice Ninja cloud, and browser invoice generators. For Invoice Ninja-specific alternative submissions or comparison pages, use https://invoicegen.megabyte.sh/alternatives/invoice-ninja."
OpenCLI Hub,https://www.openclihub.com/,CLI directory,https://invoicegen.megabyte.sh/cli,Rust invoice CLI,draft-ready,,,2026-06-12,OpenCLI Hub has Submit a CLI Tool and positions CLIs as AI-agent tooling. Strong fit for InvoiceGen CLI because it makes invoice workflows agent-native/scriptable.
ToolShelf,https://toolshelf.dev/submit,developer tools directory,https://invoicegen.megabyte.sh/cli,Rust invoice CLI,draft-ready,,,2026-06-12,ToolShelf accepts community submissions and has CLI Tools/Productivity categories with quality scoring based on GitHub and package metadata.
ToolHunter,https://www.toolhunter.cc/submit,developer tools directory,https://invoicegen.megabyte.sh/cli,open-source CLI utility,draft-ready,,,2026-06-12,ToolHunter says submissions are manually reviewed within 48 hours and must be developer-relevant; pitch the CLI and agent-friendly invoice automation angle.
CLIs Finder,https://clisfinder.com/,CLI directory,https://invoicegen.megabyte.sh/cli,invoice CLI for developers,research-contact,,,2026-06-19,"CLI directory with active categories; no submit route found in crawl, so research maintainer/contact before pitching InvoiceGen CLI."
Softpedia Mac,https://mac.softpedia.com/,Mac software directory,https://invoicegen.megabyte.sh/offline-invoice-generator-mac,offline Mac invoice app,research-contact,,,2026-06-19,Large Mac software/download directory; no direct submission route found yet. Research editor/contact or PAD/submission path before outreach.
First-party Invoice Ninja alternative page,https://invoicegen.megabyte.sh/alternatives/invoice-ninja,linkable asset,https://invoicegen.megabyte.sh/alternatives/invoice-ninja,Invoice Ninja alternative for Mac,live,2026-06-05,https://invoicegen.megabyte.sh/alternatives/invoice-ninja,2026-06-12,"Use for AlternativeTo, OpenAlternative, OSSAlt, PickYourTech, Invoice Ninja alternatives, and open-source invoicing comparison submissions. Live production URL verified 2026-06-05 on deployment dpl_7kZLiL3k4tDtRW118bdGugiz5mzu: 1 H1, 5,035 raw text chars, canonical set, no placeholders."
